"meshDataId","!7369fb6a","!75f19024","latitudeI","longitudeI","createdAt"
"f53e91cf-c036-48fa-965e-ccd6ac3ba49a",-73,-72,"458529743","137293215","2026-01-18 13:24:46.879"
"412cdc9c-6feb-4591-a5e8-05f31618f0eb",-75,-69,"458530838","137288650","2026-01-18 13:25:01.865"
"a749921a-7533-4c96-8352-b054a4fe289d",-78,-73,"458531935","137282806","2026-01-18 13:25:17.082"
"5bf50e4f-7916-4246-897a-585a2a9d191c",-74,-73,"458533048","137276925","2026-01-18 13:25:32.09"
"5f77797b-586b-43c1-b0db-c217cf1c845c",-83,-72,"458534091","137271033","2026-01-18 13:25:47.559"
"486d8fa4-4acd-4930-bf03-158f3f8cdac1",-128,-72,"458535390","137262231","2026-01-18 13:26:02.703"
"8b3c2f56-8010-4589-b2cf-6ea0f9357040",-119,-71,"458536695","137252490","2026-01-18 13:26:17.811"
"97ab3742-a776-440f-97bb-9b3ef7a6067c",-83,-89,"458540938","137242738","2026-01-18 13:26:32.93"
"ecf5b0e1-0e56-4617-a413-b512837e0791",-85,-108,"458553896","137237653","2026-01-18 13:27:03.297"
"f5fb7c1c-70dd-4ed7-904c-b0094064e4da",-101,-95,"458557616","137233263","2026-01-18 13:27:26.94"
"35e7dcfe-54cd-481e-a060-d912eabb93b8",-82,-97,"458558796","137220541","2026-01-18 13:27:33.608"
"b21d5baf-4e88-4710-9fc3-caebbd0fa147",-84,-98,"458563921","137210980","2026-01-18 13:27:48.795"
"88b1b3de-1eeb-4efe-bb28-54bc37d7cca2",-100,-107,"458573438","137200793","2026-01-18 13:28:03.867"
"d4e640eb-14f2-4834-a19b-7646645237d7",-75,-82,"458572260","137195511","2026-01-18 13:28:18.914"
"341a7205-7985-4906-9f44-41899bc7c0ac",-79,-79,"458560096","137194485","2026-01-18 13:28:33.998"
"dae3d121-616d-47b1-bb6c-dcd6b575f721",-78,-76,"458545173","137191090","2026-01-18 13:28:49.174"
"03926782-d6bf-4ed3-a73c-9090c1728323",NULL,-97,"458527268","137187943","2026-01-18 13:29:04.408"
"4956c2be-485c-4352-a126-ac86f270d70b",-73,-79,"458513541","137202036","2026-01-18 13:29:19.638"
"1cdc1944-5e02-4b8d-80df-ae4ece96de13",-75,-78,"458505081","137222885","2026-01-18 13:29:34.836"
"ab9b8ea5-036f-439a-877a-dad1a4ddd804",-79,-76,"458495230","137239261","2026-01-18 13:29:49.958"
"9c2e9ffd-6d28-495a-994d-38e9bb1a8a5d",-76,-72,"458485435","137253680","2026-01-18 13:30:05.102"
"800c865c-d24c-4250-8045-2ebdd81fc61e",-81,-80,"458475815","137270063","2026-01-18 13:30:20.376"
"5a5c8d86-f35d-4d1e-913f-6929bd3b07be",-80,-74,"458469736","137277326","2026-01-18 13:30:35.535"
"a4e61d58-b5ac-454e-a6c2-bfcd7e04907a",-85,-68,"458458508","137289678","2026-01-18 13:30:50.776"
"e421a7c4-d2e1-4aac-a92d-d78671ce64d1",-77,-58,"458446185","137301931","2026-01-18 13:31:05.91"
"0da34d7b-95ed-41b3-81d0-4c19291ccaeb",-79,-67,"458436985","137317066","2026-01-18 13:31:21.032"
"9cd3af32-5655-4225-9b5b-6cbf59d29d76",-85,-68,"458425463","137326646","2026-01-18 13:31:36.058"
"084a7bf1-3002-4c4d-97be-7011df6e5904",-85,-73,"458416488","137330851","2026-01-18 13:31:51.234"
"943c394f-a48e-4499-b8ff-84e39bf4f8e3",-84,-63,"458406003","137342995","2026-01-18 13:32:06.296"
"9fdeba56-4262-4498-9bff-31a40a813c55",-80,-80,"458396785","137357286","2026-01-18 13:32:21.156"
"59b8c1f4-007d-4f01-88fd-f3ba1fbe3a1e",-81,-78,"458383690","137373775","2026-01-18 13:32:36.351"
"3b6c4b5a-9ea4-4c51-b8ea-dbf14b39ac75",-96,-79,"458366848","137384860","2026-01-18 13:32:51.598"
"f937ef99-4cdf-408b-8613-581eafd39700",-92,-91,"458352655","137378550","2026-01-18 13:33:06.835"
"8764a724-7104-43c5-8d7f-4101918f3dc2",-92,-93,"458352636","137378495","2026-01-18 13:33:47.022"
"5d8e3800-3f78-49e3-8fb1-d2bb5732e85c",-102,-98,"458352658","137378465","2026-01-18 13:34:27.197"
"cd5cce8a-463c-4dc9-a0a8-6fb8a3ca9f72",-88,-113,"458349763","137379875","2026-01-18 13:34:42.17"
"d7305fb6-3b4e-48ba-a34f-0a820464c097",-79,-96,"458337958","137391703","2026-01-18 13:34:57.245"
"1e32ff07-c0c5-4a50-b032-ffb2794753b3",-86,-79,"458320963","137406361","2026-01-18 13:35:12.458"
"16bace55-1892-4923-8690-e49473f2db25",-100,-79,"458228998","137462091","2026-01-18 13:36:28.129"
"12a7342a-1e78-444c-b65b-5f98ea70dd29",-90,-80,"458198976","137477265","2026-01-18 13:36:58.227"
"d9987bd7-a837-475c-8ee7-39d5bc76ca8b",-107,-79,"458181943","137491250","2026-01-18 13:37:28.56"
"b7d9353d-c73f-46f5-973f-2ec316f9dcd6",-94,-80,"458203361","137506673","2026-01-18 13:37:59.194"
"78480b2f-b900-43b2-97e9-1a678798707d",-97,-79,"458211071","137523710","2026-01-18 13:38:13.947"
"6de73495-2246-487f-96dd-5a4b8c0a6107",-99,-78,"458205066","137544263","2026-01-18 13:38:29.124"
"f9149d1f-9239-4cce-a0ea-b7baec2e17f8",-104,-79,"458197890","137561568","2026-01-18 13:38:44.135"
"d5351490-bffe-4df5-8254-ad2fc2289460",-111,-79,"458198903","137581455","2026-01-18 13:38:59.306"
"5083b822-089b-49e8-8558-f440b891b00c",-114,-78,"458176868","137636625","2026-01-18 13:39:48.182"
"4ba9ce10-964c-4004-8be0-72b7b88191e1",-100,-78,"458173623","137675551","2026-01-18 13:40:18.966"
"df6c63d7-1576-43de-b121-2f7b07a321b1",-106,-79,"458164901","137725788","2026-01-18 13:41:04.713"
"9d576624-f55f-4401-81cc-7ae9b6c4657b",-116,-77,"458169180","137766840","2026-01-18 13:41:35.092"
"ffd0e370-ebd1-4e68-9590-517da35134da",-112,-78,"458163446","137787010","2026-01-18 13:41:50.37"
"90e0752c-66d6-469e-a625-27f289aa123e",-104,-79,"458154506","137831776","2026-01-18 13:42:20.948"
"f8a6c26d-3276-4634-ae00-7a3aa89166ab",-99,-79,"458144250","137906010","2026-01-18 13:43:06.123"
"b263ed76-1826-4dbd-86cd-3d7070583e9c",-106,-78,"458138098","137929540","2026-01-18 13:43:21.078"
"0459287b-fd47-4bd0-93f8-9e8ec772552e",-100,-80,"458131701","137952691","2026-01-18 13:43:36.308"
"845351a8-7f09-46d4-8a7d-8f84a736b80e",-101,-122,"458126228","137976533","2026-01-18 13:43:51.495"
"baab4f3b-fcd4-444b-bb97-bf02a3d8d8d6",-110,-79,"458128153","138001270","2026-01-18 13:44:06.676"
"9f479144-857b-4f06-bc5f-06449fd82b8b",-112,NULL,"458136015","138019396","2026-01-18 13:44:21.855"
"d69a60d7-77dd-438e-afc6-2b69d3bfe8c4",-96,-78,"458141561","138037250","2026-01-18 13:44:36.987"
"52242c3d-e8e8-47ab-b8d0-225dc162b5eb",-94,-80,"458142838","138056948","2026-01-18 13:44:52.078"
"b272b474-66f5-4e4a-8e4a-1e90f72063ae",-108,-80,"458146386","138076490","2026-01-18 13:45:07.135"
"68edc653-b422-4ea3-a9b4-0690e3fb9b16",-124,NULL,"458143850","138155311","2026-01-18 13:46:07.865"
"b65e9d99-04cd-4c21-9bc8-dcf386213f47",-121,NULL,"458194845","138341643","2026-01-18 13:48:39.097"
"42ae4f86-3c4e-43e0-9cdf-ae24a8292e36",-119,-79,"458196221","138377478","2026-01-18 13:49:09.608"
"dcccb34d-0c23-4ef2-b864-97f0fa295517",-119,-120,"458194020","138397015","2026-01-18 13:49:24.712"
"4473de30-05e2-4119-bd0f-a637df124be6",-119,-78,"458189595","138417670","2026-01-18 13:49:40.025"
"d08ad7ee-3747-4b5e-8737-5ae6d2bdb842",-117,-122,"458182035","138433700","2026-01-18 13:49:54.93"
"c69122bb-53fe-4f34-acc1-07f393122e83",-119,-79,"458175536","138446100","2026-01-18 13:50:09.957"
"74f87812-29f2-4fe1-bdb0-943e5da0cbfc",-119,NULL,"458183100","138441411","2026-01-18 13:50:40.372"
"d06f9703-d4cb-4e1c-baea-666099501c0c",-122,NULL,"458182535","138440681","2026-01-18 13:51:20.535"
"b67795e8-0025-4d6e-bfb7-58b551bee332",-124,-79,"458182231","138440480","2026-01-18 13:52:40.939"
"7157e90c-6332-416c-b246-eacc6f62b059",-126,-79,"458182425","138440415","2026-01-18 13:53:21.313"
"cc8f2269-bf04-4497-99b3-ea170cff24ed",-126,-78,"458182501","138440370","2026-01-18 13:54:01.394"
"4c81900f-3a5f-48af-bbb9-cdc30f76dfa0",-124,-79,"458182791","138439500","2026-01-18 13:54:41.789"
"e1a151ce-e65a-484f-b618-d10ca17ce9f7",-116,-78,"458181413","138437246","2026-01-18 13:56:12.21"
"364a9b29-20ba-4196-9b83-5edc4fc0ecf0",-124,-79,"458175656","138445545","2026-01-18 13:56:28.313"
"9cea4f35-1792-4c30-ae5a-5ea2513a3297",-121,-79,"458173866","138451473","2026-01-18 13:56:44.372"
"a3df0b0b-bc4c-4949-bf19-bb7badb3ed6d",-120,-79,"457939918","138371706","2026-01-18 14:01:04.815"
"2cf11dde-930c-43b3-a643-5bd085218afa",-122,-79,"457932353","138368983","2026-01-18 14:01:19.991"
"a949c97c-cb32-4123-81a0-7590f40b955a",-123,-79,"457932751","138368636","2026-01-18 14:02:40.429"
"e1a34114-8086-4387-b57f-7cc23a797f89",-122,-79,"457932876","138368645","2026-01-18 14:03:20.62"
"3a59e783-3527-424a-a0e0-77c98948725b",-119,-79,"457932738","138368790","2026-01-18 14:06:41.637"
"f70631d7-5f6c-41b9-b5b7-a0fdab83fcf9",-125,NULL,"457851398","138341775","2026-01-18 14:08:12.813"
"8706f61b-fccb-4006-8c47-4754db1e5e8b",-115,-80,"457797166","138326066","2026-01-18 14:09:28.768"
"da402987-0930-436c-8824-60f742603d55",-119,NULL,"457753215","138278135","2026-01-18 14:10:44.427"
"fb810644-0a58-4f50-a986-f5d5c173dfe8",-121,-80,"457740416","138271050","2026-01-18 14:10:59.646"
"90a5582a-e3f2-4073-8ee6-726e0af20180",-126,-80,"457737425","138268395","2026-01-18 14:11:14.883"
"e367f277-7db3-4ee2-8d65-c85d0edc73c0",-123,-79,"457737375","138268578","2026-01-18 14:11:55.038"
"e1cbe9db-752b-4d31-a197-443912028732",-122,NULL,"457728721","138266073","2026-01-18 14:12:30.091"
"8f435041-03c0-4cb0-a2a8-f21f2b00d393",-119,-79,"457712900","138263716","2026-01-18 14:12:45.127"
"2a227f78-2cb9-4bfb-a001-ed04e2555694",-116,-79,"457688470","138279676","2026-01-18 14:13:15.419"
"a39618f0-f6ed-48ec-b688-9c63b36fe753",-115,-79,"457616586","138299201","2026-01-18 14:14:46.37"
"c1627932-9348-4d21-886f-08bdab4e2a01",-115,-79,"457609315","138302610","2026-01-18 14:15:01.458"
"10db1c2d-5d19-468e-9d57-2e4b9e5939b0",-108,-80,"457608743","138296815","2026-01-18 14:15:17.018"
"48914167-00d7-4be4-988a-cb6cfec33568",-108,-79,"457609030","138296695","2026-01-18 14:15:56.904"
"490c584b-350a-4448-a127-7dce50d2057c",-107,-79,"457609038","138296743","2026-01-18 14:16:37.134"
"08ca0a57-6b20-4906-9066-4f51b58c6e19",-108,-120,"457609980","138296685","2026-01-18 14:17:03.127"
"e3fb42ef-5089-41d0-82f0-ad41164fc6b8",-101,-116,"457610621","138293980","2026-01-18 14:17:18.993"
"84422ea6-6e22-4e88-bd6f-61779dbe64af",-106,-79,"457612266","138289045","2026-01-18 14:17:33.969"
"d5a3cc4e-2648-447a-9347-bc3a1bffebdb",-122,-118,"457611965","138287826","2026-01-18 14:17:54.025"
"c00e9d92-ac52-4bf0-a262-d9545bacff0e",-111,-122,"457612076","138287566","2026-01-18 14:18:32.251"
"20ded82b-42d4-4c34-84b8-31647406427a",-110,-124,"457612040","138287466","2026-01-18 14:19:12.644"
"a95f2575-21df-485a-a57e-b07d88593d64",-110,-119,"457612035","138287443","2026-01-18 14:19:52.727"
"16a93459-790f-446b-996d-4e316f6e4ede",-110,-120,"457612041","138287248","2026-01-18 14:20:32.875"
"f7c71c25-66e7-4375-9c57-8631b68f8681",-108,-120,"457611620","138288596","2026-01-18 14:20:48.005"
"10c55b1d-e689-4c31-bc34-af8f360ce484",-101,-78,"457612073","138289240","2026-01-18 14:21:28.303"
"e59f501a-4ef5-4475-92ff-77a6c271f9f5",-109,-118,"457612083","138289451","2026-01-18 14:22:08.613"
"8191aade-abb6-4284-9157-35177dbe0370",-104,-119,"457611645","138289296","2026-01-18 14:22:48.72"
"ba4c5b82-5ea9-454a-8529-9ef1d3796fc1",-102,-80,"457611770","138290710","2026-01-18 14:23:15.018"
"77a32568-00b1-4030-a958-76f336d345a9",-113,-79,"457609890","138298390","2026-01-18 14:23:30.157"
"dccd2ba3-c4e6-4fa5-a369-5aa8dd83a178",-122,NULL,"457602998","138311521","2026-01-18 14:23:45.139"
"28564862-41c8-40c0-8426-92efe43f4bf0",-116,-80,"457588458","138313056","2026-01-18 14:24:00.231"
"dd7bb4ac-bc58-4421-b2ed-0f11b78dba1b",-106,-79,"457567951","138324838","2026-01-18 14:24:31.146"
"8d4bd73c-02e8-4988-90a2-aed9cf4791aa",-113,-78,"457567663","138317130","2026-01-18 14:24:48.103"
"4b79f4f9-23c3-42ea-b1dc-a0e049078c91",-116,-110,"457561670","138319336","2026-01-18 14:25:03.158"
"6e6b4cc0-ee83-41ae-8332-38d2cc6b7667",-114,-117,"457559976","138321626","2026-01-18 14:25:18.982"
"94b6b5b6-1335-47d4-be17-394f9a8467c4",-115,-78,"457559211","138323026","2026-01-18 14:25:45.003"
"130703ff-4d51-4214-833b-6dcbef514f60",-104,-108,"457558505","138337536","2026-01-18 14:26:00.079"
"d9f600d5-aa67-446f-9238-735c64a1224d",-98,-102,"457559100","138345245","2026-01-18 14:26:15.09"
"b255de58-aeb7-4840-9ce1-1e2217d3f8e3",-115,-78,"457558156","138384931","2026-01-18 14:26:45.981"
"9b74b147-1602-4317-9303-fc338fd1763f",-119,-79,"457559255","138410208","2026-01-18 14:27:01.106"
"b309c834-3aa5-4b0c-b85d-81afb098e6fb",-118,-79,"457555446","138432331","2026-01-18 14:27:17.104"
"2fe48acc-ea83-444d-bd68-429d42aad1b3",-113,-79,"457552335","138431158","2026-01-18 14:27:32.985"
"b1580ab7-e911-411e-8b4a-1fae57609bc7",-114,-79,"457552620","138431110","2026-01-18 14:28:09.129"
"ec9b11e7-a328-4a16-aa17-5f249e7a2b02",-120,-120,"457551698","138430103","2026-01-18 14:28:37.985"
"6d3d30a4-4be3-4dbd-99a2-3c5740839326",-119,NULL,"457537498","138417996","2026-01-18 14:29:08.081"
"d90bbc5c-296c-44f9-ad48-b6c94d692b69",-118,-121,"457528771","138419825","2026-01-18 14:29:23.97"
"8d29e185-8946-4010-a36b-a4b125f2f253",-115,-79,"457523111","138417256","2026-01-18 14:29:38.955"
"c32f9d8d-1fb7-47cb-8ad9-16b295116c80",-121,-78,"457541278","138419845","2026-01-18 14:30:28.137"
"5e98bb9a-b13e-4080-85c9-9e26f51eda24",-123,NULL,"457551936","138431545","2026-01-18 14:30:59.457"
"fa278531-5e8a-4954-817c-940db753e6f9",-119,-120,"457551941","138431403","2026-01-18 14:31:39.344"
"5c477e12-cdba-4a90-bbdf-ec2d6416f68b",-116,-78,"457553025","138432010","2026-01-18 14:31:57.046"
"3b92151d-e8a8-4abf-b006-2ad2a4807c04",-125,NULL,"457554175","138464721","2026-01-18 14:32:27.996"
"7ed93d36-b198-4589-ba21-60ea708e4ea8",-120,-118,"457555211","138566435","2026-01-18 14:34:15.065"
"94a178fb-a10c-42f5-9d1c-ec69fc810706",-119,-121,"457557346","138559188","2026-01-18 14:34:30.213"
"1052cb10-2019-4253-83a3-46e27bf4d9d1",-124,NULL,"457561050","138555695","2026-01-18 14:35:00.595"
"6b183f7c-eca5-4c3c-ab24-a5a760b79a73",-128,-78,"457559556","138556696","2026-01-18 14:35:15.859"
"d8353bc8-ca3a-4a91-aba8-e8e9a3a10001",-125,NULL,"457558898","138556640","2026-01-18 14:35:55.801"
"5f72f8e6-69a6-40f7-a2f6-4db09d8b62b4",-124,NULL,"457560151","138547808","2026-01-18 14:36:25.88"
"2a93bba9-f157-400d-8b08-3cf0539c9ff6",-83,-123,"457565228","138554780","2026-01-18 14:38:41.904"
"c56a04e9-d239-47b9-8e63-feabfcd50268",-123,NULL,"457564991","138553525","2026-01-18 14:38:57.128"
"4122e1a4-0bed-4afe-b73d-c016a6c1493f",-120,-80,"457567996","138552773","2026-01-18 14:39:53.115"
"b2a96f27-a265-4ea5-b2aa-f49a71812c33",-121,-77,"457569626","138554495","2026-01-18 14:40:09.036"
"d59a7c39-820f-4131-814b-b9c853b26add",-125,-79,"457569680","138555943","2026-01-18 14:40:24.216"
"de889517-0bf1-480a-b14b-17141cbbebb8",-119,NULL,"457562530","138580846","2026-01-18 14:41:43.141"
"03ab78ac-adfb-43ff-a6b2-5a41ce2babf9",-122,-120,"457554630","138590266","2026-01-18 14:41:59.034"
"31c03883-c65b-4296-9e44-c59b41fb1a97",-118,NULL,"457547775","138586601","2026-01-18 14:42:14.126"
"8243f89a-b5bd-4939-924f-6d7e2cda6151",-119,NULL,"457540540","138595791","2026-01-18 14:42:29.231"
"9b300cc2-84bd-412a-b0cf-4ab4ce5d72a4",-122,NULL,"457537930","138596285","2026-01-18 14:43:02.095"
"d8b2b54e-39bf-42cd-8e25-7c52819c3131",-118,NULL,"457524701","138590938","2026-01-18 14:43:32.596"
"6207305c-c43a-4fd0-9be3-2f92d6c8ae05",-118,NULL,"457503230","138610485","2026-01-18 14:44:03.029"
"7bb847b3-4a1d-4e99-bd9a-dea1dff18fff",-123,-79,"457503076","138610071","2026-01-18 14:44:43.512"
"806d0549-4b05-4512-9a1d-495ac94a356f",-123,NULL,"457502398","138611065","2026-01-18 14:44:58.42"
"17b9bba0-254d-4387-b37c-c6c6bb73096a",-118,NULL,"457492646","138623671","2026-01-18 14:45:13.598"
"f3ee2b7d-8688-46cb-bcd8-a68291b3f835",-123,-124,"457471388","138646555","2026-01-18 14:45:43.911"
"55683b5b-63ba-495a-9c5b-0d0a43662561",-128,-79,"457406451","138651183","2026-01-18 14:46:44"
"ff347617-4cc3-401a-9ef2-63208cf16780",-115,-78,"457388018","138663213","2026-01-18 14:46:59.29"
"e8fde948-c338-44b3-b033-55785e70c15b",-118,NULL,"457294201","138674760","2026-01-18 14:47:59.939"
"406694d9-81f8-4406-a212-800688e5dde0",-123,NULL,"457274391","138688336","2026-01-18 14:48:15.001"
"857f10ff-c384-4b6e-a9cb-87dea9589d85",-118,-80,"457266203","138673240","2026-01-18 14:48:30.154"
"697d286c-b7d4-46da-b85a-b5041a7b82ea",-120,-119,"457252683","138672670","2026-01-18 14:48:46.127"
"13fb25c1-6da4-42f8-9d26-b26bab74003d",-115,-125,"457225001","138673796","2026-01-18 14:49:15.994"
"508c80bf-3ac7-4b4d-b181-0eb3c629389f",-116,-116,"457124498","138752730","2026-01-18 14:54:21.746"
"6c09e831-5ab7-4f0a-8c1f-268167022857",-114,-116,"457124521","138752836","2026-01-18 14:54:36.014"
"326aa0a0-1b73-41a6-aa22-f649f57b6e6f",-127,-124,"457124586","138752840","2026-01-18 14:55:16.185"
"af1eb9e7-bda4-42d6-9d04-3daf275745af",-112,-111,"457125126","138752971","2026-01-18 14:55:56.457"
"c2e58a4c-dbba-43ae-ae43-830ebb13a1a5",-112,-114,"457122010","138752730","2026-01-18 14:56:11.576"
"957d5247-4c6d-46a2-a104-d90b7d47df48",-108,-79,"457109156","138762138","2026-01-18 14:56:26.824"
"d6cf32f7-94a7-471d-b189-20a11f575ebc",-119,-79,"457101661","138760728","2026-01-18 14:56:41.93"
"f70dea79-50ae-41f7-9283-b33fa6c7dc85",-125,NULL,"457087096","138723936","2026-01-18 14:57:26.983"
"17d5a0b6-2469-4506-81b6-a138a62d0642",-125,NULL,"457021255","138762208","2026-01-18 14:59:20.056"
"1ea555f6-5aac-41c9-bda2-5397dab45661",-123,-115,"457010660","138766405","2026-01-18 14:59:35.041"
"3acad37d-48a1-4ef5-aac8-e3832aaa6779",-127,NULL,"456996006","138799546","2026-01-18 15:00:20.959"
"d2577199-db39-4f86-a8fc-4e98fc3291bf",-121,-119,"456992178","138811945","2026-01-18 15:00:36.032"
"4a64b4ed-8ea7-4d07-9c64-c5e9d156ef53",-121,NULL,"456989980","138832476","2026-01-18 15:01:06.021"
"7dc2d622-f168-4f8c-b130-2c6589394a4d",-124,NULL,"456997316","138840750","2026-01-18 15:01:21.041"
"d9de99a6-896d-4876-b255-351b7e966229",-125,NULL,"457007751","138837190","2026-01-18 15:01:51.939"
"0e7362f5-1394-4ddd-8f44-dfd0f57350af",-128,-118,"457002266","138829580","2026-01-18 15:02:06.987"
"1b4f1f29-f705-4687-ab69-b32955922319",-118,-119,"457002775","138831008","2026-01-18 15:02:37.902"
"422ea0c5-4ba6-4474-8b50-15d97d3f4cdf",-122,NULL,"457009073","138839135","2026-01-18 15:02:52.973"
"77d20833-6859-4769-a207-4b159803996a",-124,NULL,"457008596","138844061","2026-01-18 15:03:07.986"
"2f4a391e-bb58-4fac-b80a-279ffc2385cc",-120,NULL,"457000428","138842740","2026-01-18 15:03:23.964"
"b8313e14-3271-491e-9303-3c0469d29b2f",-120,-125,"456998831","138841140","2026-01-18 15:03:39.059"
"c3836a22-f183-4974-9a7c-8561c1ff3aea",-116,NULL,"456988500","138829930","2026-01-18 15:03:54.894"
"790fdafa-62bd-4552-94dc-6081f8c26bc0",-124,NULL,"456991208","138817961","2026-01-18 15:04:09.978"
"83a49919-dba2-45b0-aa0b-af0225373cba",-117,-79,"457001381","138795066","2026-01-18 15:04:40.907"
"e9fb3da0-d4a4-4163-a524-386a2ade3390",-119,NULL,"457008190","138779365","2026-01-18 15:04:55.944"
"ce726d6d-8c33-46ae-8b90-476b4301e36c",-125,-119,"457014406","138766535","2026-01-18 15:05:10.969"
"b3a80406-0f68-4391-b2db-1162313d963c",-116,-119,"457024745","138762211","2026-01-18 15:05:26.027"
"b0082b14-4e72-4a9f-92b4-af556d7905c8",-120,NULL,"457033615","138754688","2026-01-18 15:05:41.083"
"19937bd3-6718-49b6-8b0a-9d02d6051df6",-124,-123,"457046150","138743165","2026-01-18 15:05:56.947"
"423242f5-4194-45b5-b409-60229a242ad4",-118,-124,"457056496","138735706","2026-01-18 15:06:12.055"
"58128b6a-ba0c-4ce1-add4-30628ea91bb5",-119,NULL,"457048340","138723716","2026-01-18 15:06:27.086"
"51d87010-3b8d-433f-ac05-e038dd390809",-124,-78,"457028161","138716405","2026-01-18 15:06:57.491"
"fe4acabf-6ed7-4a21-b482-16a12d3ded7d",-121,-120,"456998446","138745058","2026-01-18 15:07:27.91"
"8a80d5d5-5621-401f-970a-2cacad544abe",-118,NULL,"456807421","138859473","2026-01-18 15:09:44.08"
"de7794b5-62d1-4598-af59-803bb1dad54b",-111,-79,"456767376","138857173","2026-01-18 15:10:18.103"
"b2877acd-1851-42fc-ba62-e2f610961a26",-127,-78,"456694806","138843711","2026-01-18 15:11:34.146"
"7a5117e9-3c61-417b-a341-ccf511dcc609",-121,-79,"456692686","138879326","2026-01-18 15:12:04.145"
"7c98694d-adfa-4b9d-bd90-95b865ed1db9",-126,-79,"456583766","138918531","2026-01-18 15:14:19.129"
"7191a1d6-5e31-4179-b4af-471eb62a3dd0",-123,-120,"456509275","138832205","2026-01-18 15:18:03.545"
"f30dd3a8-891a-4142-ba73-59dd9ba72d44",-127,-78,"456497591","138845651","2026-01-18 15:18:23.89"
"5254ccea-2088-48d9-a489-682f1e85aeaf",-83,-119,"456485333","138874306","2026-01-18 15:19:24.382"
"4310bff5-6466-4b41-a382-aaa42c288755",-124,-78,"456488666","138883690","2026-01-18 15:19:39.581"
"960d38a7-5873-4365-9cfc-97a0987e8817",-114,-79,"456490370","138891065","2026-01-18 15:19:54.775"
"1c7453c6-5933-4ad6-8b20-c0cb00d058d0",-112,-114,"456492038","138892823","2026-01-18 15:20:09.872"
"fbfdf433-7fd7-4cfa-9460-6339e1d6d83f",-111,-114,"456492755","138893816","2026-01-18 15:20:27.9"
"7b353d39-0eb2-445b-a192-f0c7fa415bcf",-114,-79,"456494661","138902141","2026-01-18 15:20:42.873"
"266e9652-4989-45f5-9b66-4d0ac3ee2cbf",-112,-117,"456495646","138909826","2026-01-18 15:20:57.894"
"b99b7041-30dc-4ddd-b58a-73248f4f3cf8",-116,-80,"456496313","138918901","2026-01-18 15:21:13.017"
"c606ec83-e9cf-446d-8902-91362f144f91",-115,-79,"456496786","138930553","2026-01-18 15:21:27.983"
"e07613f4-426e-4212-8e16-5ff43235c510",-120,-78,"456496795","138942406","2026-01-18 15:21:43.031"
"3efef952-b0ab-4085-8d19-1044fa731933",-121,-77,"456495450","138945930","2026-01-18 15:22:13.12"
"8ad46cb6-42e8-442b-9d79-58bcbf1f2e2b",-123,-79,"456492026","138937658","2026-01-18 15:22:28.873"
"8015d79c-d15e-4b19-a46b-11a99a143e5c",-120,-78,"456490470","138938695","2026-01-18 15:22:49.822"
"62266039-211c-4cf9-b1b7-3d907c21f3a1",-119,-113,"456490493","138944240","2026-01-18 15:22:58.996"
"4f7cd282-f5eb-4661-bb29-75fb7bae478e",-117,-78,"456487755","138949403","2026-01-18 15:23:30.962"
"cc30db7c-61f6-4e74-b134-630f4c876a06",-114,-116,"456487263","138948150","2026-01-18 15:24:02.933"
"bfa69d2d-d03b-46c7-ab51-4f475824af69",-115,-79,"456483665","138939641","2026-01-18 15:24:18.025"
"30415482-aff9-41bc-a79a-547314c29131",-83,-114,"456479340","138935091","2026-01-18 15:24:33.039"
"03761f0b-8c5b-4a12-9ddc-a23dd42ea20e",-113,-119,"456480278","138943323","2026-01-18 15:24:49.006"
"6a72d650-ed0e-460f-b5e0-7968b11df06d",-119,-110,"456480443","138947588","2026-01-18 15:25:03.883"
"f03f679a-0205-49f0-bb15-e1a1ac70cce3",-118,-119,"456480160","138949091","2026-01-18 15:25:24.039"
"b898d086-a4ad-41e0-b205-d69c693493e7",-120,-115,"456478323","138948583","2026-01-18 15:25:39.08"
"893f0e77-acee-44d0-a867-63cab1591b99",-118,-80,"456476050","138943768","2026-01-18 15:25:55.006"
"43ece8b4-a8fd-48e4-94aa-6e22149d5351",-83,-114,"456473406","138946171","2026-01-18 15:26:10.235"
"9ac33d70-4fcb-4776-bf38-97da302d74d9",-119,-115,"456470623","138951688","2026-01-18 15:26:25.431"
"7840ad2b-d31d-4615-bbb9-7065c57482c5",-122,NULL,"456463703","138958473","2026-01-18 15:27:27.746"
"8fb9493a-bf9e-411c-977e-8b81c72a586b",-119,-116,"456451538","138965620","2026-01-18 15:28:13.187"
"11abbf12-603e-4e29-88a0-4d3c1eaaba66",-115,-111,"456450396","138969268","2026-01-18 15:28:28.28"
"2b521b97-674d-4570-bc9f-18897734fc24",-82,-113,"456449786","138970445","2026-01-18 15:28:44.86"
"05b27817-1b2a-444a-b677-9e61536a4f45",-120,-121,"456447906","138975643","2026-01-18 15:28:59.932"
"4e2f83ea-ebf3-4312-9ae7-5a6048040218",-120,-121,"456444650","138978901","2026-01-18 15:29:14.991"
"8c0fe17b-f39a-4995-b68e-2dc1fec1d376",-119,NULL,"456441375","138982258","2026-01-18 15:29:30.028"
"711fa5c0-a248-47c9-8b38-4f0108cc68c7",-121,NULL,"456440121","138997923","2026-01-18 15:30:00.902"
"1b316ac2-9baf-4143-a616-cd29bfb7cd30",-118,-79,"456445225","138999758","2026-01-18 15:31:01.09"
"60983369-c485-4bc2-85ac-2ebf3e7e660d",-121,-79,"456445351","138999833","2026-01-18 15:31:38.667"
"8f264aa0-a8f4-40db-8976-16d5be3cad89",-118,-121,"456445355","138999935","2026-01-18 15:32:19.114"
"78811722-59cb-4bf3-a2db-09dea9064474",-118,-121,"456445535","139000001","2026-01-18 15:32:59.114"
"697d3bde-c229-4c7a-bb02-c314e6b5bf7c",-128,NULL,"456445448","138999828","2026-01-18 15:33:39.721"
"25b8f0a7-edc0-4372-acea-ba117828373f",-121,-123,"456445383","138999978","2026-01-18 15:34:59.95"
"1d9520ba-d7f6-47c0-9436-dc7f583aa746",-122,-79,"456445375","139000001","2026-01-18 15:35:40.162"
"9e844fee-906e-4470-951a-f9788164bbf5",-119,-80,"456445301","138999970","2026-01-18 15:36:20.133"
"1bdf3cae-e5a8-4754-8848-cb31a06b9a9c",-117,-80,"456445290","139000130","2026-01-18 15:37:00.597"
"7c087bcf-d8c2-4860-abe9-895724083076",-118,-119,"456445241","139000176","2026-01-18 15:37:40.561"
"accba94e-7b4a-4c5e-b9e5-e7efbd4c2664",-117,-79,"456445191","138999755","2026-01-18 15:38:20.733"
"9a6aafac-4b3c-421c-bc3a-dd9a38e39fe3",-82,-123,"456445521","138997448","2026-01-18 15:38:35.869"
"4fda1cbc-652c-48dd-ac5b-cdb2a1a2b566",-117,-79,"456445680","138996670","2026-01-18 15:39:56.469"
"4c34ec5e-2b64-475f-99e9-479826d0524b",-122,-78,"456445330","138997925","2026-01-18 15:41:31.975"
"891ad2fb-2285-4017-b5ef-cd845d32c1bd",-117,-79,"456443385","139002005","2026-01-18 15:41:53.102"
"ad3ac9b0-2b08-415f-b4a3-d01358d3e60d",-118,-121,"456442988","139006861","2026-01-18 15:42:08.112"
"4ef011a8-a24c-48db-b11b-49ef5ebfda53",-118,-80,"456442153","139007493","2026-01-18 15:42:34.007"
"fbb00139-42a1-44a9-8dca-fc40565df1e9",-125,-78,"456443316","139005705","2026-01-18 15:42:49.046"
"396f47e1-5391-47f2-a572-5a091bd8fadb",-128,-78,"456437745","138994586","2026-01-18 15:43:19.093"
"94f6afac-7c5c-4c57-a7f7-db6a3dd3aa12",-122,-117,"456438635","138985875","2026-01-18 15:44:27.514"
"8d26f219-acee-4914-ab00-0971bbf1cd71",-114,-114,"456439413","138984966","2026-01-18 15:44:57.927"
"c04a92bb-70a1-4fcd-b7e3-4b2c92ec2fff",-118,-119,"456442565","138982668","2026-01-18 15:45:12.982"
"d4970765-884d-4bac-8a26-9cb7b2911047",-120,-79,"456445511","138978610","2026-01-18 15:45:27.996"
"adac76dc-d242-4a2c-9341-4a8c6d4eb5c7",-82,-117,"456446356","138972948","2026-01-18 15:45:42.985"
"f241647d-73e3-4068-bf22-66cfec31b7ab",-120,-110,"456447810","138970281","2026-01-18 15:45:58.005"
"2e8801cc-5626-4956-985f-bcbd8815d468",-120,-118,"456453235","138965263","2026-01-18 15:46:28.962"
"6d8270e2-6d16-47df-99bb-ea9f6ac06f8e",-118,-116,"456456760","138963961","2026-01-18 15:46:43.978"
"19781f8e-fa6b-4830-9e34-2f386caa9185",-123,-124,"456468428","138952041","2026-01-18 15:47:29.164"
"23660898-493f-4c31-80f1-9dc17b511626",-113,-108,"456470976","138945093","2026-01-18 15:47:45.018"
"1653975b-c7e7-4592-beea-342b84480a98",-84,-113,"456473661","138947331","2026-01-18 15:48:00.051"
"ec085107-8511-4e73-b823-607f6301025b",-117,-118,"456475901","138951911","2026-01-18 15:48:15.142"
"7eb60732-fc21-4348-886c-0d3e9a589a22",-118,-112,"456478231","138950068","2026-01-18 15:48:30.92"
"f62a3841-914a-4912-8762-8376f4df8327",-116,-109,"456478555","138943753","2026-01-18 15:48:45.925"
"afb69b44-9e98-4259-aeb6-111b963dfa13",-125,NULL,"456477430","138936985","2026-01-18 15:49:00.95"
"cd3a7d50-a797-4a4e-ab31-03667700c43c",-116,-116,"456480580","138939495","2026-01-18 15:49:16.843"
"10f54ea7-0be6-4427-a543-aab3c7c376a4",-125,-117,"456484415","138946038","2026-01-18 15:49:31.853"
"4b20a145-1b15-48b1-9f95-c9ae7025e8e1",-121,-78,"456486848","138950663","2026-01-18 15:49:46.967"
"4a57b41a-89fb-454e-a254-f9a40b7c071a",-116,-116,"456488656","138944821","2026-01-18 15:50:01.948"
"a99eee17-4177-48cf-bcf4-a16cecababa6",-118,-79,"456491521","138943535","2026-01-18 15:50:32.859"
"2c5a403f-5b77-4b84-97af-d4886f70459d",-122,-78,"456494758","138950886","2026-01-18 15:50:47.859"
"fb3918fa-d0ce-4378-897e-25a8a25c4510",-118,-79,"456497105","138944026","2026-01-18 15:51:02.893"
"e8d5ccde-ef28-49c2-8302-de4a9f1f5be2",-115,-79,"456497841","138935241","2026-01-18 15:51:17.96"
"eddd56d8-11e0-46e8-add5-8c97b752637a",-117,-79,"456497680","138921843","2026-01-18 15:51:32.983"
"98ce1659-f37a-4181-9b55-0ef2a675b2aa",-117,-80,"456496621","138907253","2026-01-18 15:51:48.928"
"71a68386-2c39-4484-9446-76d96c6a40af",-121,-79,"456489646","138883243","2026-01-18 15:52:19.904"
"62c3b4dc-3f07-4ba5-88d5-b862d0df6f39",-119,-79,"456498693","138845446","2026-01-18 15:53:20.565"
"b5e8b9b4-d34c-4f10-98a4-eeab6fa53443",-123,-79,"456506893","138836265","2026-01-18 15:53:37.376"
"ebd72e19-409b-43ff-9d23-d9fc940b4d35",-120,-80,"456607200","139104160","2026-01-18 15:57:13.135"
"5467133e-bc27-4ea5-8305-99caa0d88e52",-122,-78,"456845596","138819761","2026-01-18 16:03:47.381"
"b1efb451-1c91-47d3-a374-227a746582f3",-121,NULL,"456931415","138788850","2026-01-18 16:04:48.153"
"0d225a69-b7c2-42b7-aa3e-a3e3b3c49bdf",-128,-78,"456982418","138760255","2026-01-18 16:05:34.099"
"baadb0c3-fff5-42e7-9910-787818ba0378",-121,-79,"457023341","138723330","2026-01-18 16:06:21.13"
"4539a3ce-378d-4dec-adb2-4496e879e3f2",-120,NULL,"457045061","138719243","2026-01-18 16:06:51.281"
"8dcf8df7-5109-4f34-a94a-b67a6c4d33bd",-124,-121,"457053463","138732231","2026-01-18 16:07:06.981"
"36fe55d4-0ec9-4eac-af5f-d188e8a1cafd",-126,NULL,"457067675","138706871","2026-01-18 16:08:07.698"
"ba9a4766-8bab-4686-9598-8eee84e24165",-121,-118,"457074086","138699933","2026-01-18 16:08:22.824"
"0390d0bb-8ce2-43ce-8002-61dc3daf7042",-125,NULL,"457065578","138664011","2026-01-18 20:19:33.899"
"f4e59568-1518-43b4-9088-6ed98c06e447",-118,-118,"457064063","138653460","2026-01-18 20:19:48.998"
"fece83cb-ec55-47ab-a57f-a3b964c61af9",-118,NULL,"457070481","138632116","2026-01-18 20:21:25.899"
"dd921109-d9dd-419a-8a7c-0b29c7642d7f",-119,-119,"457080923","138622385","2026-01-18 20:21:41.028"
"c871427c-472b-44d3-8c3a-b698fc8ce483",-118,NULL,"457088143","138601578","2026-01-18 20:21:56.03"
"dd113a40-2c4a-48a0-ae26-1e89bad0e3f2",-118,-120,"457097230","138555846","2026-01-18 20:22:26.638"
"b79b028d-e84b-49f7-9fac-d55b98cc7f0e",-118,NULL,"457124933","138503520","2026-01-18 20:22:56.845"
"ca295f57-218d-4d3f-87af-0d2bbfcf03d2",-116,-115,"457134553","138481261","2026-01-18 20:23:11.968"
"09cfe71f-4f48-4d0f-81ca-3e07a1d51817",-117,-116,"457153290","138495278","2026-01-18 20:23:43.268"
"560c791c-c3a1-4cd7-8898-d17b068b40d9",-121,-78,"457153901","138494105","2026-01-18 20:23:59.047"
"1ec419c1-d9b6-40d3-8f09-1b76b0a98d6a",-123,-118,"457153961","138492816","2026-01-18 20:24:35.911"
"691d3c00-f114-44bc-9456-a722ce7e8253",-122,-79,"457164058","138514741","2026-01-18 20:25:53.542"
"b09d36ad-ab03-47f9-8435-6e3c73b78352",-125,NULL,"457171991","138526825","2026-01-18 20:26:08.02"
"ed231c5a-f75c-4834-b6d0-4ee6976b95ba",-125,NULL,"457186390","138542583","2026-01-18 20:26:37.947"
"2019ffba-64af-4416-b692-58824b56f282",-111,-79,"457202198","138544010","2026-01-18 20:26:52.972"
"fd7cfcda-e4c1-4d55-b545-6a01e27e2e3e",-115,-107,"457207906","138539073","2026-01-18 20:27:08.992"
"bb84efaf-96d8-4bed-b145-01e52e371bdc",-113,-78,"457208485","138538243","2026-01-18 20:28:42.942"
"08e1fc93-2343-4f17-84f7-c370aa48b9af",-125,NULL,"457234191","138257546","2026-01-18 20:30:40.126"
"5bd3309f-9b51-4afe-8aef-6a2a66fceea7",-121,-79,"457333996","138218108","2026-01-18 20:35:34.921"
"f1a51171-af6b-413a-a5ce-ca143869a288",-117,-111,"457334271","138231433","2026-01-18 20:35:49.922"
"ab35ae45-ce69-472a-b8a3-5f8998235b90",-118,-78,"457332338","138241256","2026-01-18 20:36:04.984"
"d250e39e-89a4-4a31-a193-f10333839ada",-122,-78,"457338073","138233143","2026-01-18 20:36:19.964"
"5fe4eda3-4123-4e6d-9f74-56e9af126556",-116,-79,"457346856","138221563","2026-01-18 20:36:35.045"
"67051524-2e47-46a1-ae1b-23839048066b",-118,-114,"457357256","138212143","2026-01-18 20:36:50.948"
"2ec28704-b5d4-4769-ac29-88ee88e11fdb",-119,-79,"457371611","138210388","2026-01-18 20:37:06.017"
"b0acffb9-f55d-4e73-8488-74cd5ee591fa",-118,-79,"457433071","138325133","2026-01-18 20:38:38.294"
"cae0df92-d83e-4e04-95b2-16f2483d4392",-119,-78,"457445641","138341771","2026-01-18 20:38:53.497"
"a3374c2d-cc4d-4e40-947a-84c79306f433",-119,-115,"457543343","138339975","2026-01-18 20:40:09.07"
"d06e8be4-9e92-49bb-bfa0-1c3dbc82afe9",-120,NULL,"457549870","138333030","2026-01-18 20:40:24.9"
"38858a6f-d4db-4103-89a9-eae76ecf4323",-111,-115,"457557048","138326888","2026-01-18 20:40:39.969"
"1fc4bf75-9487-4d5d-9373-3958a1608457",-100,-106,"457563386","138316236","2026-01-18 20:40:55.05"
"a1bb0df7-d5e7-485b-b232-981d4e456f60",-120,-80,"457583678","138289673","2026-01-18 20:41:56.121"
"6b82f3ad-3abe-49f6-93a4-b99fbee03c1f",-121,-79,"457586231","138260340","2026-01-18 20:42:11.762"
"c58af5f3-827f-42b5-802e-59517c219f33",-124,-79,"457651140","138100890","2026-01-18 20:43:42.997"
"d7365cc1-e61a-4f2d-8761-eb43887615e5",-119,NULL,"457651139","138100890","2026-01-18 20:43:51.928"
"c2deaafc-7802-4988-ba21-cea954fda07f",-118,-78,"457652080","138081475","2026-01-18 20:43:58.082"
"bf8aa27c-7b2e-4177-b546-8784b33729c5",-109,-79,"457677406","138048728","2026-01-18 20:44:44.056"
"eb341278-aa7e-4f0f-9b33-3d410ee896fe",-119,-79,"457684021","138036000","2026-01-18 20:44:59.034"
"686d78a5-6998-4286-98d2-ae80c0264034",-115,NULL,"457684020","138036000","2026-01-18 20:45:07.272"
"6681f2c2-8399-482c-b95e-a532fc0acb5f",-116,NULL,"457696479","138033196","2026-01-18 20:45:22.469"
"482bdf9c-47ab-4fba-a194-2ab23ffdc123",-114,-78,"457708026","138022818","2026-01-18 20:45:29.484"
"efe7ca8b-1f59-4603-ac5c-4da3aadd76ef",-115,-78,"457710515","138014600","2026-01-18 20:45:44.678"
"7c417eec-e22e-4e73-be2a-b5ae7d26c4c9",-118,-78,"457736575","137996510","2026-01-18 20:46:14.909"
"37ca708e-33aa-4548-8de0-a3f8182a1331",-113,NULL,"457736575","137996510","2026-01-18 20:46:22.128"
"0f0e0061-108b-46e6-8439-c1439961851a",-111,NULL,"457752481","137989028","2026-01-18 20:46:29.959"
"79b5ade0-7e61-4c6f-9d20-ddb3d778c848",-108,-116,"457761186","137979995","2026-01-18 20:46:45.86"
"e343318a-8cd4-44fd-b376-5f8e3efa1e06",-114,-80,"457765405","137977508","2026-01-18 20:47:01.285"
"f8a775c5-67e3-4cea-ab77-81f8cf3e36df",-114,NULL,"457765404","137977508","2026-01-18 20:47:01.412"
"3c741d21-eea9-4f81-9675-1b2183e44448",-104,-114,"457768140","137973370","2026-01-18 20:47:16.198"
"3c4807d7-3a66-46a9-9ed5-1b177a28b25c",-97,-107,"457771006","137969036","2026-01-18 20:47:32.043"
"e7ba2508-9c0c-4cea-bcba-a83574ba1f7d",-96,-104,"457771006","137969035","2026-01-18 20:47:34.285"
"5b25c2a0-fce3-428a-b618-1fa8df2b371f",-101,-79,"457774635","137966450","2026-01-18 20:47:47.022"
"158b78cc-1058-4c04-9380-d942baf3bb09",-102,-78,"457779261","137967771","2026-01-18 20:48:02.874"
"bbcaafa9-470d-4857-bc91-9cb30c612d54",-102,-106,"457784005","137970176","2026-01-18 20:48:17.935"
"82cfdbc9-d16c-4e44-8632-c0aa2d300d49",-110,-111,"457789066","137967118","2026-01-18 20:48:32.977"
"8f590b56-8783-4218-9e0f-e1bb20f88828",-111,-79,"457793650","137960396","2026-01-18 20:48:48.013"
"466b3fef-3138-4d3d-b0c3-386741391f1a",-120,NULL,"457799633","137950490","2026-01-18 20:49:04.136"
"e5e563ab-c481-4b57-874b-e5afba0a82a2",-96,-79,"457808405","137924636","2026-01-18 20:49:35.072"
"94771afe-fb42-4c29-ac00-494ace3ed1c5",-101,-113,"457816928","137915788","2026-01-18 20:49:50.589"
"c9656f9a-5722-4863-9384-f59f980a1225",-114,NULL,"457824053","137898990","2026-01-18 20:50:06.085"
"77610f57-a854-4949-99c0-050a5d171b0f",-114,-78,"457829725","137864975","2026-01-18 20:50:36.979"
"601e817f-8075-4348-af2e-1b99e6cdfb4b",NULL,-118,"457838236","137852206","2026-01-18 20:50:52.258"
"d40e0aac-1a01-4bf1-841b-01969a95a138",-106,-79,"457842658","137835016","2026-01-18 20:51:07.879"
"f9b65d57-3d10-42d3-aa10-0d40ca0e1af6",-110,-79,"457848546","137821263","2026-01-18 20:51:22.883"
"4de9cd29-adb1-45ba-abd1-9ba36b6a112b",-113,-79,"457858501","137811803","2026-01-18 20:51:38.017"
"d837621e-9347-46f2-a47a-8e5bd8433106",-111,-79,"457889683","137757868","2026-01-18 20:52:38.995"
"56fc33a2-daa5-4ff0-a7b0-90afa2ddf39b",-118,NULL,"457900330","137745573","2026-01-18 20:52:54.227"
"ef69aba7-62b2-4e89-b06d-5113afd7297e",-117,NULL,"457911816","137732808","2026-01-18 20:53:10.252"
"8facf927-1d03-4929-ae5b-01e63eec138e",-97,-78,"457920938","137715913","2026-01-18 20:53:25.11"
"1e7406b7-2d31-402a-983a-5055b36175f3",-113,NULL,"457932833","137699271","2026-01-18 20:53:40.992"
"5e6db67b-0eb9-401f-9309-ed782935c475",-118,NULL,"457945228","137688315","2026-01-18 20:53:55.906"
"0aa41b37-89d4-47b9-86f7-94dbc2fe3427",-102,-79,"457958061","137678598","2026-01-18 20:54:10.967"
"2a47ed96-8320-431d-a668-9c82dddcb1c2",-115,-79,"457970963","137671481","2026-01-18 20:54:26.069"
"feef544f-ca1b-4aa6-a6f0-d82c72dc06fd",-113,-78,"457998336","137657803","2026-01-18 20:54:57.1"
"f96f4e12-bb16-4e17-860f-783413a934c1",-89,-78,"458010770","137650241","2026-01-18 20:55:11.986"
"2c47a888-f987-43af-95db-adfd06744526",-96,-113,"458015336","137648700","2026-01-18 20:55:27.05"
"35ed105b-4abe-4a24-a15e-9066742cff72",-96,-79,"458016565","137648373","2026-01-18 20:55:57.93"
"c691bd85-7027-410f-ba51-694b02494bff",-97,-78,"458023275","137646338","2026-01-18 20:56:13.057"
"ebc75532-9abf-448a-89d7-790e0a9faaa5",-100,-78,"458028821","137646658","2026-01-18 20:56:28.074"
"ca0515ac-2c5b-4019-9c5a-fc7a431b1310",-93,-78,"458036558","137646841","2026-01-18 20:56:43.121"
"d899056d-7c16-47ee-b765-8f32ec3b970c",-96,-111,"458041201","137640331","2026-01-18 20:56:58.989"
"5b785540-6f5e-4b8a-9e16-adfa63aceaaf",-106,-79,"458044100","137627948","2026-01-18 20:57:14.056"
"54797d4d-9acb-4ed7-8d7f-6273a4fadbd8",-104,-79,"458044783","137623251","2026-01-18 20:57:29.069"
"b7a515dd-d05c-476a-a29f-4dffd2840bda",-107,-79,"458085821","137588578","2026-01-18 20:58:45.035"
"7eb6e69c-5980-46a2-8bd2-145c8071205c",-103,-78,"458101681","137553953","2026-01-18 20:59:15.157"
"da069527-8abd-46b0-b760-6746321abb1a",-106,-78,"458111313","137539018","2026-01-18 20:59:31.076"
"c6862f26-ec2a-4f0b-80da-cb188b142a50",-117,-116,"458136018","137518858","2026-01-18 21:00:01.393"
"ff6dc3b0-4948-4eb2-9a52-8e1deafac544",-121,-123,"458170655","137488436","2026-01-18 21:01:03.053"
"5b69543f-ad8c-4c6d-9dc4-4943d6405c64",-106,-77,"458177520","137489548","2026-01-18 21:01:18.368"
"de220991-472a-4a26-a545-59b2a13cb1c1",-108,NULL,"458191375","137489363","2026-01-18 21:01:33.602"
"1dca8425-e9b0-4941-a1e6-70ea6d483338",-89,-78,"458199493","137476885","2026-01-18 21:01:48.745"
"a7ab8bb8-4c11-4c3a-9e63-40b2afcc0333",-85,-80,"458201046","137473051","2026-01-18 21:02:04.121"
"c6cdcad0-963e-4810-8a57-2095f221e886",-96,-104,"458201046","137473051","2026-01-18 21:02:07.809"
"3b17c0c6-bbec-4860-bd4d-8ab9d421c53d",-93,-79,"458202198","137470745","2026-01-18 21:02:19.08"
"1f0a5b7c-9df2-4922-a8ea-c71f72611652",-105,NULL,"458203386","137468405","2026-01-18 21:02:41.224"
"325412ab-b514-499f-a1f1-347706199bca",NULL,-123,"458205570","137465373","2026-01-18 21:02:50.418"
"449e72ad-5654-452a-8bd3-3552432d3669",-97,NULL,"458205570","137465373","2026-01-18 21:03:20.568"
"0e3f288f-be3c-496a-9b98-d89feec6d7e7",-100,-79,"458205406","137464073","2026-01-18 21:03:22.106"
"bc9577af-dfb6-4a3f-80ef-8709f9cc2506",-101,-110,"458206315","137463833","2026-01-18 21:03:57.22"
"9dfda492-026d-410e-9176-5df5373d31ea",-90,-80,"458207930","137464118","2026-01-18 21:04:12.24"
"f314917f-7097-4bdd-a394-18f21b3cc88e",-102,NULL,"458208978","137464738","2026-01-18 21:04:31.107"
"e6d1f594-f4ce-4bb6-9bf2-825639e05c99",-101,-107,"458215735","137466526","2026-01-18 21:04:46.228"
"fec9c8b3-91e3-4a40-a83b-dce4111caa71",-93,NULL,"458224400","137465401","2026-01-18 21:05:01.338"
"1566fd4f-5085-4da9-8fd3-66f0b349d594",-95,-79,"458236271","137458125","2026-01-18 21:05:17.184"
"d272ebb9-87d4-4b17-b39d-bf7ede221c7a",-105,-79,"458250790","137451465","2026-01-18 21:05:33.098"
"03dcc5c7-5113-4b5a-ab49-f0ca5ce64ab5",-122,NULL,"458264436","137446806","2026-01-18 21:05:48.074"
"7cfba82d-b765-4c0d-a2d0-440c7016e860",-114,NULL,"458277686","137443881","2026-01-18 21:06:03.09"
"df864506-82cc-49a1-9869-46a40e7d7807",-105,-79,"458290571","137438581","2026-01-18 21:06:18.104"
"0cc87ef8-91b8-46ec-a76e-67b4903b7844",-88,-78,"458314425","137416708","2026-01-18 21:06:48.193"
"41be5f8c-393e-48f0-a005-0b8e94ef9d89",-80,-79,"458330271","137401738","2026-01-18 21:07:04.082"
"dbb47019-0243-4674-9b39-4d89e58a1c7d",-85,-95,"458346263","137383448","2026-01-18 21:07:19.362"
"d0d6ae1d-d51b-49db-bba1-23bb90604fbf",-80,-92,"458363410","137386350","2026-01-18 21:07:34.414"
"a65ccc8b-8d2a-45e9-951c-909d66122f20",-81,-75,"458380378","137377038","2026-01-18 21:07:49.457"
"f42bc03d-453b-49dc-a430-f61db4e1597d",-76,-78,"458396340","137359858","2026-01-18 21:08:04.74"
"572c90a5-f50e-4162-9dbb-2805dd378607",-80,-66,"458408466","137342408","2026-01-18 21:08:19.994"
"900d9323-f1fe-4d19-ad92-162be1371182",-99,-64,"458417995","137330586","2026-01-18 21:08:35.254"
"97ade830-31ce-4eb0-a257-e48e510b33d3",-84,-55,"458429363","137325975","2026-01-18 21:08:50.165"
"12608e7d-7dbe-4b3d-8105-54f868909031",-81,-61,"458447313","137301445","2026-01-18 21:09:06.128"
"4057f37e-41c6-4dd6-9ce7-0fa771c2857b",-103,NULL,"458470863","137278083","2026-01-18 21:09:21.116"
"a0d122ae-7df8-4d3e-8ca9-3a4e07f1c70d",-72,NULL,"458493058","137243420","2026-01-18 21:09:36.266"
"932b7a7d-b832-4610-925f-de62f8b91a59",-87,-79,"458526656","137188428","2026-01-18 21:10:06.173"
"b4b419bf-1b46-44d7-9c13-6feb2cbd1184",-83,-82,"458552196","137193925","2026-01-18 21:10:21.998"
"4d50459c-708c-477d-a7d1-60bebaadff46",-79,-93,"458572298","137195003","2026-01-18 21:10:37.169"
"bcf168fa-856d-476e-9a64-e0d9e6f1ebec",-96,-99,"458574255","137200270","2026-01-18 21:10:52.217"
"e9c9aeda-55cd-4724-931a-41947bcc3d29",-87,-99,"458565640","137208161","2026-01-18 21:11:07.145"
"cc6a3351-fa70-4869-bb23-21567ea647cb",-90,-78,"458558950","137220351","2026-01-18 21:11:23.099"
"58f75d71-a227-45ee-9cec-373dd7d86f43",-92,-78,"458558838","137233710","2026-01-18 21:11:38.561"
"f3b5d219-52dc-4674-9bd0-1467b3674c1a",-82,-104,"458555581","137236355","2026-01-18 21:11:54.258"
"58964beb-dfaf-4b7e-8d02-4d07ebc109ab",NULL,-101,"458542836","137238591","2026-01-18 21:12:24.168"
"ca7afaa1-85f7-4854-bd0f-83167ad3b536",NULL,-78,"458539615","137244763","2026-01-18 21:12:39.162"
"59dcf78c-a56e-4b10-bade-dfe180a3545e",-126,-65,"458536266","137253101","2026-01-18 21:12:54.106"
"db2cd3c7-4c7f-4486-93fb-00ba21981769",-81,-63,"458533405","137271416","2026-01-18 21:13:19.157"
"41a5ee48-7732-4556-bf60-37fafef65f8d",-72,-69,"458530986","137285005","2026-01-18 21:13:34.937"
"6e3e9548-adcd-4820-a526-a2fde2d5924d",-71,-63,"458529228","137293271","2026-01-18 21:13:50.202"
"8e887fe7-d376-49b8-87aa-f9c8b4dbc023",-74,-68,"458530030","137292091","2026-01-18 21:14:05.54"
"55a9a990-ed2a-488f-a945-7a2e21276186",-74,-68,"458530893","137291650","2026-01-18 21:14:41.147"
"2817966c-a331-497a-afb2-9d9b4c28602d",-76,-71,"458532986","137289348","2026-01-18 21:14:56.02"
"e0488c00-f284-4a84-a00f-86a293303eec",-81,-78,"458535285","137287053","2026-01-18 21:15:11.029"
"2ba8155f-76db-4db5-821c-974de57851d9",-82,-73,"458537680","137284493","2026-01-18 21:15:26.079"
"8f08cf8b-2022-453d-a70e-33c74b60c924",-80,-79,"458539911","137286693","2026-01-18 21:15:42.002"
"43a852f3-c175-4b56-97c3-38dd81f0e2e2",-77,-75,"458541695","137290720","2026-01-18 21:15:57.045"
"07066794-8c05-4b11-a58f-bcc267125d43",-82,-79,"458544730","137287643","2026-01-18 21:16:12.225"
"1ab72b3a-260e-4eac-bc67-754f0a77d2ee",-75,-77,"458546033","137281933","2026-01-18 21:16:27.1"
"e6b71c25-85a4-4482-b111-c0296d87e435",-81,-78,"458547391","137276938","2026-01-18 21:16:42.092"
"d8b1f35d-068c-4948-ac6c-4686c3c9014d",-56,-74,"458547353","137271546","2026-01-18 21:16:57.389"
"217759a4-3ab7-4d04-a059-7a7a93a53854",-45,-76,"458547540","137265306","2026-01-18 21:17:12.342"
"919701ef-a728-4e11-b449-c238071e62f1",-45,-74,"458547618","137263981","2026-01-18 21:17:28.463"
"3499a3f6-2754-4ab2-9575-1300ff56837d",-52,-72,"458547938","137263441","2026-01-18 21:18:15.585"
"30f157b1-14f2-4abb-9d64-d3681261b65e",NULL,-68,"458547045","137267131","2026-01-18 21:18:31.099"
"971ee85a-9528-420e-9f2e-1501decc7ed8",NULL,-73,"458547485","137272351","2026-01-18 21:18:46.1"
